time,model_id,model_name,port_name,data
0,2,humidifier,,cmd=0;inj=0
0,3,humistat,,last_rh=50;cmd=0
0,4,leakage,,last_rh=50;leak=0
0,5,indoor_air,,rh=50;inj=0;leak=0
1,2,humidifier,out_inj,0
1,2,humidifier,,cmd=0;inj=0
1,3,humistat,out_cmd,0
1,3,humistat,,last_rh=50;cmd=1
1,4,leakage,out_leak,0
1,4,leakage,,last_rh=50;leak=0
1,5,indoor_air,out_rh,50
1,5,indoor_air,,rh=50;inj=0;leak=0
2,2,humidifier,out_inj,0
2,2,humidifier,,cmd=1;inj=2
2,3,humistat,out_cmd,1
2,3,humistat,,last_rh=50;cmd=1
2,4,leakage,out_leak,0
2,4,leakage,,last_rh=50;leak=0
2,5,indoor_air,out_rh,50
2,5,indoor_air,,rh=50;inj=0;leak=0
3,2,humidifier,out_inj,2
3,2,humidifier,,cmd=1;inj=2
3,3,humistat,out_cmd,1
3,3,humistat,,last_rh=50;cmd=1
3,4,leakage,out_leak,0
3,4,leakage,,last_rh=50;leak=0
3,5,indoor_air,out_rh,50
3,5,indoor_air,,rh=50;inj=2;leak=0
4,2,humidifier,out_inj,2
4,2,humidifier,,cmd=1;inj=2
4,3,humistat,out_cmd,1
4,3,humistat,,last_rh=50;cmd=1
4,4,leakage,out_leak,0
4,4,leakage,,last_rh=50;leak=0
4,5,indoor_air,out_rh,50
4,5,indoor_air,,rh=51;inj=2;leak=0
5,2,humidifier,out_inj,2
5,2,humidifier,,cmd=1;inj=2
5,3,humistat,out_cmd,1
5,3,humistat,,last_rh=51;cmd=1
5,4,leakage,out_leak,0
5,4,leakage,,last_rh=51;leak=0.01
5,5,indoor_air,out_rh,51
5,5,indoor_air,,rh=52;inj=2;leak=0
6,2,humidifier,out_inj,2
6,2,humidifier,,cmd=1;inj=2
6,3,humistat,out_cmd,1
6,3,humistat,,last_rh=52;cmd=1
6,4,leakage,out_leak,0.01
6,4,leakage,,last_rh=52;leak=0.02
6,5,indoor_air,out_rh,52
6,5,indoor_air,,rh=53;inj=2;leak=0.01
7,2,humidifier,out_inj,2
7,2,humidifier,,cmd=1;inj=2
7,3,humistat,out_cmd,1
7,3,humistat,,last_rh=53;cmd=1
7,4,leakage,out_leak,0.02
7,4,leakage,,last_rh=53;leak=0.03
7,5,indoor_air,out_rh,53
7,5,indoor_air,,rh=53.995;inj=2;leak=0.02
8,2,humidifier,out_inj,2
8,2,humidifier,,cmd=1;inj=2
8,3,humistat,out_cmd,1
8,3,humistat,,last_rh=53.995;cmd=1
8,4,leakage,out_leak,0.03
8,4,leakage,,last_rh=53.995;leak=0.03995
8,5,indoor_air,out_rh,53.995
8,5,indoor_air,,rh=54.985;inj=2;leak=0.03
9,2,humidifier,out_inj,2
9,2,humidifier,,cmd=1;inj=2
9,3,humistat,out_cmd,1
9,3,humistat,,last_rh=54.985;cmd=1
9,4,leakage,out_leak,0.03995
9,4,leakage,,last_rh=54.985;leak=0.04985
9,5,indoor_air,out_rh,54.985
9,5,indoor_air,,rh=55.97;inj=2;leak=0.03995
10,2,humidifier,out_inj,2
10,2,humidifier,,cmd=1;inj=2
10,3,humistat,out_cmd,1
10,3,humistat,,last_rh=55.97;cmd=1
10,4,leakage,out_leak,0.04985
10,4,leakage,,last_rh=55.97;leak=0.0597
10,5,indoor_air,out_rh,55.97
10,5,indoor_air,,rh=56.95;inj=2;leak=0.04985
11,2,humidifier,out_inj,2
11,2,humidifier,,cmd=1;inj=2
11,3,humistat,out_cmd,1
11,3,humistat,,last_rh=56.95;cmd=1
11,4,leakage,out_leak,0.0597
11,4,leakage,,last_rh=56.95;leak=0.0695002
11,5,indoor_air,out_rh,56.95
11,5,indoor_air,,rh=57.9251;inj=2;leak=0.0597
12,2,humidifier,out_inj,2
12,2,humidifier,,cmd=1;inj=2
12,3,humistat,out_cmd,1
12,3,humistat,,last_rh=57.9251;cmd=0
12,4,leakage,out_leak,0.0695002
12,4,leakage,,last_rh=57.9251;leak=0.079251
12,5,indoor_air,out_rh,57.9251
12,5,indoor_air,,rh=58.8952;inj=2;leak=0.0695002
13,2,humidifier,out_inj,2
13,2,humidifier,,cmd=0;inj=0
13,3,humistat,out_cmd,0
13,3,humistat,,last_rh=58.8952;cmd=0
13,4,leakage,out_leak,0.079251
13,4,leakage,,last_rh=58.8952;leak=0.0889525
13,5,indoor_air,out_rh,58.8952
13,5,indoor_air,,rh=59.8605;inj=2;leak=0.079251
14,2,humidifier,out_inj,0
14,2,humidifier,,cmd=0;inj=0
14,3,humistat,out_cmd,0
14,3,humistat,,last_rh=59.8605;cmd=0
14,4,leakage,out_leak,0.0889525
14,4,leakage,,last_rh=59.8605;leak=0.098605
14,5,indoor_air,out_rh,59.8605
14,5,indoor_air,,rh=60.8209;inj=0;leak=0.0889525
15,2,humidifier,out_inj,0
15,2,humidifier,,cmd=0;inj=0
15,3,humistat,out_cmd,0
15,3,humistat,,last_rh=60.8209;cmd=0
15,4,leakage,out_leak,0.098605
15,4,leakage,,last_rh=60.8209;leak=0.108209
15,5,indoor_air,out_rh,60.8209
15,5,indoor_air,,rh=60.7764;inj=0;leak=0.098605
16,2,humidifier,out_inj,0
16,2,humidifier,,cmd=0;inj=0
16,3,humistat,out_cmd,0
16,3,humistat,,last_rh=60.7764;cmd=0
16,4,leakage,out_leak,0.108209
16,4,leakage,,last_rh=60.7764;leak=0.107764
16,5,indoor_air,out_rh,60.7764
16,5,indoor_air,,rh=60.7271;inj=0;leak=0.108209
17,2,humidifier,out_inj,0
17,2,humidifier,,cmd=0;inj=0
17,3,humistat,out_cmd,0
17,3,humistat,,last_rh=60.7271;cmd=0
17,4,leakage,out_leak,0.107764
17,4,leakage,,last_rh=60.7271;leak=0.107271
17,5,indoor_air,out_rh,60.7271
17,5,indoor_air,,rh=60.673;inj=0;leak=0.107764
18,2,humidifier,out_inj,0
18,2,humidifier,,cmd=0;inj=0
18,3,humistat,out_cmd,0
18,3,humistat,,last_rh=60.673;cmd=0
18,4,leakage,out_leak,0.107271
18,4,leakage,,last_rh=60.673;leak=0.10673
18,5,indoor_air,out_rh,60.673
18,5,indoor_air,,rh=60.6191;inj=0;leak=0.107271
19,2,humidifier,out_inj,0
19,2,humidifier,,cmd=0;inj=0
19,3,humistat,out_cmd,0
19,3,humistat,,last_rh=60.6191;cmd=0
19,4,leakage,out_leak,0.10673
19,4,leakage,,last_rh=60.6191;leak=0.106191
19,5,indoor_air,out_rh,60.6191
19,5,indoor_air,,rh=60.5655;inj=0;leak=0.10673
20,2,humidifier,out_inj,0
20,2,humidifier,,cmd=0;inj=0
20,3,humistat,out_cmd,0
20,3,humistat,,last_rh=60.5655;cmd=0
20,4,leakage,out_leak,0.106191
20,4,leakage,,last_rh=60.5655;leak=0.105655
20,5,indoor_air,out_rh,60.5655
20,5,indoor_air,,rh=60.5121;inj=0;leak=0.106191
21,2,humidifier,out_inj,0
21,2,humidifier,,cmd=0;inj=0
21,3,humistat,out_cmd,0
21,3,humistat,,last_rh=60.5121;cmd=0
21,4,leakage,out_leak,0.105655
21,4,leakage,,last_rh=60.5121;leak=0.105121
21,5,indoor_air,out_rh,60.5121
21,5,indoor_air,,rh=60.459;inj=0;leak=0.105655
22,2,humidifier,out_inj,0
22,2,humidifier,,cmd=0;inj=0
22,3,humistat,out_cmd,0
22,3,humistat,,last_rh=60.459;cmd=0
22,4,leakage,out_leak,0.105121
22,4,leakage,,last_rh=60.459;leak=0.10459
22,5,indoor_air,out_rh,60.459
22,5,indoor_air,,rh=60.4062;inj=0;leak=0.105121
23,2,humidifier,out_inj,0
23,2,humidifier,,cmd=0;inj=0
23,3,humistat,out_cmd,0
23,3,humistat,,last_rh=60.4062;cmd=0
23,4,leakage,out_leak,0.10459
23,4,leakage,,last_rh=60.4062;leak=0.104062
23,5,indoor_air,out_rh,60.4062
23,5,indoor_air,,rh=60.3536;inj=0;leak=0.10459
24,2,humidifier,out_inj,0
24,2,humidifier,,cmd=0;inj=0
24,3,humistat,out_cmd,0
24,3,humistat,,last_rh=60.3536;cmd=0
24,4,leakage,out_leak,0.104062
24,4,leakage,,last_rh=60.3536;leak=0.103536
24,5,indoor_air,out_rh,60.3536
24,5,indoor_air,,rh=60.3013;inj=0;leak=0.104062
25,2,humidifier,out_inj,0
25,2,humidifier,,cmd=0;inj=0
25,3,humistat,out_cmd,0
25,3,humistat,,last_rh=60.3013;cmd=0
25,4,leakage,out_leak,0.103536
25,4,leakage,,last_rh=60.3013;leak=0.103013
25,5,indoor_air,out_rh,60.3013
25,5,indoor_air,,rh=60.2493;inj=0;leak=0.103536
26,2,humidifier,out_inj,0
26,2,humidifier,,cmd=0;inj=0
26,3,humistat,out_cmd,0
26,3,humistat,,last_rh=60.2493;cmd=0
26,4,leakage,out_leak,0.103013
26,4,leakage,,last_rh=60.2493;leak=0.102493
26,5,indoor_air,out_rh,60.2493
26,5,indoor_air,,rh=60.1975;inj=0;leak=0.103013
27,2,humidifier,out_inj,0
27,2,humidifier,,cmd=0;inj=0
27,3,humistat,out_cmd,0
27,3,humistat,,last_rh=60.1975;cmd=0
27,4,leakage,out_leak,0.102493
27,4,leakage,,last_rh=60.1975;leak=0.101975
27,5,indoor_air,out_rh,60.1975
27,5,indoor_air,,rh=60.146;inj=0;leak=0.102493
28,2,humidifier,out_inj,0
28,2,humidifier,,cmd=0;inj=0
28,3,humistat,out_cmd,0
28,3,humistat,,last_rh=60.146;cmd=0
28,4,leakage,out_leak,0.101975
28,4,leakage,,last_rh=60.146;leak=0.10146
28,5,indoor_air,out_rh,60.146
28,5,indoor_air,,rh=60.0948;inj=0;leak=0.101975
29,2,humidifier,out_inj,0
29,2,humidifier,,cmd=0;inj=0
29,3,humistat,out_cmd,0
29,3,humistat,,last_rh=60.0948;cmd=0
29,4,leakage,out_leak,0.10146
29,4,leakage,,last_rh=60.0948;leak=0.100948
29,5,indoor_air,out_rh,60.0948
29,5,indoor_air,,rh=60.0438;inj=0;leak=0.10146
30,2,humidifier,out_inj,0
30,2,humidifier,,cmd=0;inj=0
30,3,humistat,out_cmd,0
30,3,humistat,,last_rh=60.0438;cmd=0
30,4,leakage,out_leak,0.100948
30,4,leakage,,last_rh=60.0438;leak=0.100438
30,5,indoor_air,out_rh,60.0438
30,5,indoor_air,,rh=59.9931;inj=0;leak=0.100948
31,2,humidifier,out_inj,0
31,2,humidifier,,cmd=0;inj=0
31,3,humistat,out_cmd,0
31,3,humistat,,last_rh=59.9931;cmd=0
31,4,leakage,out_leak,0.100438
31,4,leakage,,last_rh=59.9931;leak=0.0999306
31,5,indoor_air,out_rh,59.9931
31,5,indoor_air,,rh=59.9426;inj=0;leak=0.100438
32,2,humidifier,out_inj,0
32,2,humidifier,,cmd=0;inj=0
32,3,humistat,out_cmd,0
32,3,humistat,,last_rh=59.9426;cmd=0
32,4,leakage,out_leak,0.0999306
32,4,leakage,,last_rh=59.9426;leak=0.0994259
32,5,indoor_air,out_rh,59.9426
32,5,indoor_air,,rh=59.8924;inj=0;leak=0.0999306
33,2,humidifier,out_inj,0
33,2,humidifier,,cmd=0;inj=0
33,3,humistat,out_cmd,0
33,3,humistat,,last_rh=59.8924;cmd=0
33,4,leakage,out_leak,0.0994259
33,4,leakage,,last_rh=59.8924;leak=0.0989237
33,5,indoor_air,out_rh,59.8924
33,5,indoor_air,,rh=59.8424;inj=0;leak=0.0994259
34,2,humidifier,out_inj,0
34,2,humidifier,,cmd=0;inj=0
34,3,humistat,out_cmd,0
34,3,humistat,,last_rh=59.8424;cmd=0
34,4,leakage,out_leak,0.0989237
34,4,leakage,,last_rh=59.8424;leak=0.098424
34,5,indoor_air,out_rh,59.8424
34,5,indoor_air,,rh=59.7927;inj=0;leak=0.0989237
35,2,humidifier,out_inj,0
35,2,humidifier,,cmd=0;inj=0
35,3,humistat,out_cmd,0
35,3,humistat,,last_rh=59.7927;cmd=0
35,4,leakage,out_leak,0.098424
35,4,leakage,,last_rh=59.7927;leak=0.0979269
35,5,indoor_air,out_rh,59.7927
35,5,indoor_air,,rh=59.7432;inj=0;leak=0.098424
36,2,humidifier,out_inj,0
36,2,humidifier,,cmd=0;inj=0
36,3,humistat,out_cmd,0
36,3,humistat,,last_rh=59.7432;cmd=0
36,4,leakage,out_leak,0.0979269
36,4,leakage,,last_rh=59.7432;leak=0.0974323
36,5,indoor_air,out_rh,59.7432
36,5,indoor_air,,rh=59.694;inj=0;leak=0.0979269
37,2,humidifier,out_inj,0
37,2,humidifier,,cmd=0;inj=0
37,3,humistat,out_cmd,0
37,3,humistat,,last_rh=59.694;cmd=0
37,4,leakage,out_leak,0.0974323
37,4,leakage,,last_rh=59.694;leak=0.0969402
37,5,indoor_air,out_rh,59.694
37,5,indoor_air,,rh=59.6451;inj=0;leak=0.0974323
38,2,humidifier,out_inj,0
38,2,humidifier,,cmd=0;inj=0
38,3,humistat,out_cmd,0
38,3,humistat,,last_rh=59.6451;cmd=0
38,4,leakage,out_leak,0.0969402
38,4,leakage,,last_rh=59.6451;leak=0.0964505
38,5,indoor_air,out_rh,59.6451
38,5,indoor_air,,rh=59.5963;inj=0;leak=0.0969402
39,2,humidifier,out_inj,0
39,2,humidifier,,cmd=0;inj=0
39,3,humistat,out_cmd,0
39,3,humistat,,last_rh=59.5963;cmd=0
39,4,leakage,out_leak,0.0964505
39,4,leakage,,last_rh=59.5963;leak=0.0959634
39,5,indoor_air,out_rh,59.5963
39,5,indoor_air,,rh=59.5479;inj=0;leak=0.0964505
40,2,humidifier,out_inj,0
40,2,humidifier,,cmd=0;inj=0
40,3,humistat,out_cmd,0
40,3,humistat,,last_rh=59.5479;cmd=0
40,4,leakage,out_leak,0.0959634
40,4,leakage,,last_rh=59.5479;leak=0.0954787
40,5,indoor_air,out_rh,59.5479
40,5,indoor_air,,rh=59.4996;inj=0;leak=0.0959634
41,2,humidifier,out_inj,0
41,2,humidifier,,cmd=0;inj=0
41,3,humistat,out_cmd,0
41,3,humistat,,last_rh=59.4996;cmd=0
41,4,leakage,out_leak,0.0954787
41,4,leakage,,last_rh=59.4996;leak=0.0949964
41,5,indoor_air,out_rh,59.4996
41,5,indoor_air,,rh=59.4517;inj=0;leak=0.0954787
42,2,humidifier,out_inj,0
42,2,humidifier,,cmd=0;inj=0
42,3,humistat,out_cmd,0
42,3,humistat,,last_rh=59.4517;cmd=0
42,4,leakage,out_leak,0.0949964
42,4,leakage,,last_rh=59.4517;leak=0.0945166
42,5,indoor_air,out_rh,59.4517
42,5,indoor_air,,rh=59.4039;inj=0;leak=0.0949964
43,2,humidifier,out_inj,0
43,2,humidifier,,cmd=0;inj=0
43,3,humistat,out_cmd,0
43,3,humistat,,last_rh=59.4039;cmd=0
43,4,leakage,out_leak,0.0945166
43,4,leakage,,last_rh=59.4039;leak=0.0940392
43,5,indoor_air,out_rh,59.4039
43,5,indoor_air,,rh=59.3564;inj=0;leak=0.0945166
44,2,humidifier,out_inj,0
44,2,humidifier,,cmd=0;inj=0
44,3,humistat,out_cmd,0
44,3,humistat,,last_rh=59.3564;cmd=0
44,4,leakage,out_leak,0.0940392
44,4,leakage,,last_rh=59.3564;leak=0.0935642
44,5,indoor_air,out_rh,59.3564
44,5,indoor_air,,rh=59.3092;inj=0;leak=0.0940392
45,2,humidifier,out_inj,0
45,2,humidifier,,cmd=0;inj=0
45,3,humistat,out_cmd,0
45,3,humistat,,last_rh=59.3092;cmd=0
45,4,leakage,out_leak,0.0935642
45,4,leakage,,last_rh=59.3092;leak=0.0930916
45,5,indoor_air,out_rh,59.3092
45,5,indoor_air,,rh=59.2621;inj=0;leak=0.0935642
46,2,humidifier,out_inj,0
46,2,humidifier,,cmd=0;inj=0
46,3,humistat,out_cmd,0
46,3,humistat,,last_rh=59.2621;cmd=0
46,4,leakage,out_leak,0.0930916
46,4,leakage,,last_rh=59.2621;leak=0.0926214
46,5,indoor_air,out_rh,59.2621
46,5,indoor_air,,rh=59.2154;inj=0;leak=0.0930916
47,2,humidifier,out_inj,0
47,2,humidifier,,cmd=0;inj=0
47,3,humistat,out_cmd,0
47,3,humistat,,last_rh=59.2154;cmd=0
47,4,leakage,out_leak,0.0926214
47,4,leakage,,last_rh=59.2154;leak=0.0921536
47,5,indoor_air,out_rh,59.2154
47,5,indoor_air,,rh=59.1688;inj=0;leak=0.0926214
48,2,humidifier,out_inj,0
48,2,humidifier,,cmd=0;inj=0
48,3,humistat,out_cmd,0
48,3,humistat,,last_rh=59.1688;cmd=0
48,4,leakage,out_leak,0.0921536
48,4,leakage,,last_rh=59.1688;leak=0.0916882
48,5,indoor_air,out_rh,59.1688
48,5,indoor_air,,rh=59.1225;inj=0;leak=0.0921536
49,2,humidifier,out_inj,0
49,2,humidifier,,cmd=0;inj=0
49,3,humistat,out_cmd,0
49,3,humistat,,last_rh=59.1225;cmd=0
49,4,leakage,out_leak,0.0916882
49,4,leakage,,last_rh=59.1225;leak=0.091225
49,5,indoor_air,out_rh,59.1225
49,5,indoor_air,,rh=59.0764;inj=0;leak=0.0916882
50,2,humidifier,out_inj,0
50,2,humidifier,,cmd=0;inj=0
50,3,humistat,out_cmd,0
50,3,humistat,,last_rh=59.0764;cmd=0
50,4,leakage,out_leak,0.091225
50,4,leakage,,last_rh=59.0764;leak=0.0907643
50,5,indoor_air,out_rh,59.0764
50,5,indoor_air,,rh=59.0306;inj=0;leak=0.091225
51,2,humidifier,out_inj,0
51,2,humidifier,,cmd=0;inj=0
51,3,humistat,out_cmd,0
51,3,humistat,,last_rh=59.0306;cmd=0
51,4,leakage,out_leak,0.0907643
51,4,leakage,,last_rh=59.0306;leak=0.0903058
51,5,indoor_air,out_rh,59.0306
51,5,indoor_air,,rh=58.985;inj=0;leak=0.0907643
52,2,humidifier,out_inj,0
52,2,humidifier,,cmd=0;inj=0
52,3,humistat,out_cmd,0
52,3,humistat,,last_rh=58.985;cmd=0
52,4,leakage,out_leak,0.0903058
52,4,leakage,,last_rh=58.985;leak=0.0898497
52,5,indoor_air,out_rh,58.985
52,5,indoor_air,,rh=58.9396;inj=0;leak=0.0903058
53,2,humidifier,out_inj,0
53,2,humidifier,,cmd=0;inj=0
53,3,humistat,out_cmd,0
53,3,humistat,,last_rh=58.9396;cmd=0
53,4,leakage,out_leak,0.0898497
53,4,leakage,,last_rh=58.9396;leak=0.0893959
53,5,indoor_air,out_rh,58.9396
53,5,indoor_air,,rh=58.8944;inj=0;leak=0.0898497
54,2,humidifier,out_inj,0
54,2,humidifier,,cmd=0;inj=0
54,3,humistat,out_cmd,0
54,3,humistat,,last_rh=58.8944;cmd=0
54,4,leakage,out_leak,0.0893959
54,4,leakage,,last_rh=58.8944;leak=0.0889444
54,5,indoor_air,out_rh,58.8944
54,5,indoor_air,,rh=58.8495;inj=0;leak=0.0893959
55,2,humidifier,out_inj,0
55,2,humidifier,,cmd=0;inj=0
55,3,humistat,out_cmd,0
55,3,humistat,,last_rh=58.8495;cmd=0
55,4,leakage,out_leak,0.0889444
55,4,leakage,,last_rh=58.8495;leak=0.0884951
55,5,indoor_air,out_rh,58.8495
55,5,indoor_air,,rh=58.8048;inj=0;leak=0.0889444
56,2,humidifier,out_inj,0
56,2,humidifier,,cmd=0;inj=0
56,3,humistat,out_cmd,0
56,3,humistat,,last_rh=58.8048;cmd=0
56,4,leakage,out_leak,0.0884951
56,4,leakage,,last_rh=58.8048;leak=0.0880481
56,5,indoor_air,out_rh,58.8048
56,5,indoor_air,,rh=58.7603;inj=0;leak=0.0884951
57,2,humidifier,out_inj,0
57,2,humidifier,,cmd=0;inj=0
57,3,humistat,out_cmd,0
57,3,humistat,,last_rh=58.7603;cmd=0
57,4,leakage,out_leak,0.0880481
57,4,leakage,,last_rh=58.7603;leak=0.0876034
57,5,indoor_air,out_rh,58.7603
57,5,indoor_air,,rh=58.7161;inj=0;leak=0.0880481
58,2,humidifier,out_inj,0
58,2,humidifier,,cmd=0;inj=0
58,3,humistat,out_cmd,0
58,3,humistat,,last_rh=58.7161;cmd=0
58,4,leakage,out_leak,0.0876034
58,4,leakage,,last_rh=58.7161;leak=0.0871609
58,5,indoor_air,out_rh,58.7161
58,5,indoor_air,,rh=58.6721;inj=0;leak=0.0876034
59,2,humidifier,out_inj,0
59,2,humidifier,,cmd=0;inj=0
59,3,humistat,out_cmd,0
59,3,humistat,,last_rh=58.6721;cmd=0
59,4,leakage,out_leak,0.0871609
59,4,leakage,,last_rh=58.6721;leak=0.0867207
59,5,indoor_air,out_rh,58.6721
59,5,indoor_air,,rh=58.6283;inj=0;leak=0.0871609
60,2,humidifier,out_inj,0
60,2,humidifier,,cmd=0;inj=0
60,3,humistat,out_cmd,0
60,3,humistat,,last_rh=58.6283;cmd=0
60,4,leakage,out_leak,0.0867207
60,4,leakage,,last_rh=58.6283;leak=0.0862827
60,5,indoor_air,out_rh,58.6283
60,5,indoor_air,,rh=58.5847;inj=0;leak=0.0867207
61,2,humidifier,out_inj,0
61,2,humidifier,,cmd=0;inj=0
61,3,humistat,out_cmd,0
61,3,humistat,,last_rh=58.5847;cmd=0
61,4,leakage,out_leak,0.0862827
61,4,leakage,,last_rh=58.5847;leak=0.0858469
61,5,indoor_air,out_rh,58.5847
61,5,indoor_air,,rh=58.5413;inj=0;leak=0.0862827
62,2,humidifier,out_inj,0
62,2,humidifier,,cmd=0;inj=0
62,3,humistat,out_cmd,0
62,3,humistat,,last_rh=58.5413;cmd=0
62,4,leakage,out_leak,0.0858469
62,4,leakage,,last_rh=58.5413;leak=0.0854133
62,5,indoor_air,out_rh,58.5413
62,5,indoor_air,,rh=58.4982;inj=0;leak=0.0858469
63,2,humidifier,out_inj,0
63,2,humidifier,,cmd=0;inj=0
63,3,humistat,out_cmd,0
63,3,humistat,,last_rh=58.4982;cmd=0
63,4,leakage,out_leak,0.0854133
63,4,leakage,,last_rh=58.4982;leak=0.0849819
63,5,indoor_air,out_rh,58.4982
63,5,indoor_air,,rh=58.4553;inj=0;leak=0.0854133
64,2,humidifier,out_inj,0
64,2,humidifier,,cmd=0;inj=0
64,3,humistat,out_cmd,0
64,3,humistat,,last_rh=58.4553;cmd=0
64,4,leakage,out_leak,0.0849819
64,4,leakage,,last_rh=58.4553;leak=0.0845526
64,5,indoor_air,out_rh,58.4553
64,5,indoor_air,,rh=58.4126;inj=0;leak=0.0849819
65,2,humidifier,out_inj,0
65,2,humidifier,,cmd=0;inj=0
65,3,humistat,out_cmd,0
65,3,humistat,,last_rh=58.4126;cmd=0
65,4,leakage,out_leak,0.0845526
65,4,leakage,,last_rh=58.4126;leak=0.0841256
65,5,indoor_air,out_rh,58.4126
65,5,indoor_air,,rh=58.3701;inj=0;leak=0.0845526
66,2,humidifier,out_inj,0
66,2,humidifier,,cmd=0;inj=0
66,3,humistat,out_cmd,0
66,3,humistat,,last_rh=58.3701;cmd=0
66,4,leakage,out_leak,0.0841256
66,4,leakage,,last_rh=58.3701;leak=0.0837006
66,5,indoor_air,out_rh,58.3701
66,5,indoor_air,,rh=58.3278;inj=0;leak=0.0841256
67,2,humidifier,out_inj,0
67,2,humidifier,,cmd=0;inj=0
67,3,humistat,out_cmd,0
67,3,humistat,,last_rh=58.3278;cmd=0
67,4,leakage,out_leak,0.0837006
67,4,leakage,,last_rh=58.3278;leak=0.0832779
67,5,indoor_air,out_rh,58.3278
67,5,indoor_air,,rh=58.2857;inj=0;leak=0.0837006
68,2,humidifier,out_inj,0
68,2,humidifier,,cmd=0;inj=0
68,3,humistat,out_cmd,0
68,3,humistat,,last_rh=58.2857;cmd=0
68,4,leakage,out_leak,0.0832779
68,4,leakage,,last_rh=58.2857;leak=0.0828573
68,5,indoor_air,out_rh,58.2857
68,5,indoor_air,,rh=58.2439;inj=0;leak=0.0832779
69,2,humidifier,out_inj,0
69,2,humidifier,,cmd=0;inj=0
69,3,humistat,out_cmd,0
69,3,humistat,,last_rh=58.2439;cmd=0
69,4,leakage,out_leak,0.0828573
69,4,leakage,,last_rh=58.2439;leak=0.0824388
69,5,indoor_air,out_rh,58.2439
69,5,indoor_air,,rh=58.2022;inj=0;leak=0.0828573
70,2,humidifier,out_inj,0
70,2,humidifier,,cmd=0;inj=0
70,3,humistat,out_cmd,0
70,3,humistat,,last_rh=58.2022;cmd=0
70,4,leakage,out_leak,0.0824388
70,4,leakage,,last_rh=58.2022;leak=0.0820224
70,5,indoor_air,out_rh,58.2022
70,5,indoor_air,,rh=58.1608;inj=0;leak=0.0824388
71,2,humidifier,out_inj,0
71,2,humidifier,,cmd=0;inj=0
71,3,humistat,out_cmd,0
71,3,humistat,,last_rh=58.1608;cmd=0
71,4,leakage,out_leak,0.0820224
71,4,leakage,,last_rh=58.1608;leak=0.0816081
71,5,indoor_air,out_rh,58.1608
71,5,indoor_air,,rh=58.1196;inj=0;leak=0.0820224
72,2,humidifier,out_inj,0
72,2,humidifier,,cmd=0;inj=0
72,3,humistat,out_cmd,0
72,3,humistat,,last_rh=58.1196;cmd=0
72,4,leakage,out_leak,0.0816081
72,4,leakage,,last_rh=58.1196;leak=0.0811959
72,5,indoor_air,out_rh,58.1196
72,5,indoor_air,,rh=58.0786;inj=0;leak=0.0816081
73,2,humidifier,out_inj,0
73,2,humidifier,,cmd=0;inj=0
73,3,humistat,out_cmd,0
73,3,humistat,,last_rh=58.0786;cmd=0
73,4,leakage,out_leak,0.0811959
73,4,leakage,,last_rh=58.0786;leak=0.0807858
73,5,indoor_air,out_rh,58.0786
73,5,indoor_air,,rh=58.0378;inj=0;leak=0.0811959
74,2,humidifier,out_inj,0
74,2,humidifier,,cmd=0;inj=0
74,3,humistat,out_cmd,0
74,3,humistat,,last_rh=58.0378;cmd=0
74,4,leakage,out_leak,0.0807858
74,4,leakage,,last_rh=58.0378;leak=0.0803777
74,5,indoor_air,out_rh,58.0378
74,5,indoor_air,,rh=57.9972;inj=0;leak=0.0807858
75,2,humidifier,out_inj,0
75,2,humidifier,,cmd=0;inj=0
75,3,humistat,out_cmd,0
75,3,humistat,,last_rh=57.9972;cmd=0
75,4,leakage,out_leak,0.0803777
75,4,leakage,,last_rh=57.9972;leak=0.0799718
75,5,indoor_air,out_rh,57.9972
75,5,indoor_air,,rh=57.9568;inj=0;leak=0.0803777
76,2,humidifier,out_inj,0
76,2,humidifier,,cmd=0;inj=0
76,3,humistat,out_cmd,0
76,3,humistat,,last_rh=57.9568;cmd=0
76,4,leakage,out_leak,0.0799718
76,4,leakage,,last_rh=57.9568;leak=0.0795678
76,5,indoor_air,out_rh,57.9568
76,5,indoor_air,,rh=57.9166;inj=0;leak=0.0799718
77,2,humidifier,out_inj,0
77,2,humidifier,,cmd=0;inj=0
77,3,humistat,out_cmd,0
77,3,humistat,,last_rh=57.9166;cmd=0
77,4,leakage,out_leak,0.0795678
77,4,leakage,,last_rh=57.9166;leak=0.0791659
77,5,indoor_air,out_rh,57.9166
77,5,indoor_air,,rh=57.8766;inj=0;leak=0.0795678
78,2,humidifier,out_inj,0
78,2,humidifier,,cmd=0;inj=0
78,3,humistat,out_cmd,0
78,3,humistat,,last_rh=57.8766;cmd=0
78,4,leakage,out_leak,0.0791659
78,4,leakage,,last_rh=57.8766;leak=0.0787661
78,5,indoor_air,out_rh,57.8766
78,5,indoor_air,,rh=57.8368;inj=0;leak=0.0791659
79,2,humidifier,out_inj,0
79,2,humidifier,,cmd=0;inj=0
79,3,humistat,out_cmd,0
79,3,humistat,,last_rh=57.8368;cmd=0
79,4,leakage,out_leak,0.0787661
79,4,leakage,,last_rh=57.8368;leak=0.0783682
79,5,indoor_air,out_rh,57.8368
79,5,indoor_air,,rh=57.7972;inj=0;leak=0.0787661
80,2,humidifier,out_inj,0
80,2,humidifier,,cmd=0;inj=0
80,3,humistat,out_cmd,0
80,3,humistat,,last_rh=57.7972;cmd=0
80,4,leakage,out_leak,0.0783682
80,4,leakage,,last_rh=57.7972;leak=0.0779724
80,5,indoor_air,out_rh,57.7972
80,5,indoor_air,,rh=57.7579;inj=0;leak=0.0783682
81,2,humidifier,out_inj,0
81,2,humidifier,,cmd=0;inj=0
81,3,humistat,out_cmd,0
81,3,humistat,,last_rh=57.7579;cmd=0
81,4,leakage,out_leak,0.0779724
81,4,leakage,,last_rh=57.7579;leak=0.0775786
81,5,indoor_air,out_rh,57.7579
81,5,indoor_air,,rh=57.7187;inj=0;leak=0.0779724
82,2,humidifier,out_inj,0
82,2,humidifier,,cmd=0;inj=0
82,3,humistat,out_cmd,0
82,3,humistat,,last_rh=57.7187;cmd=0
82,4,leakage,out_leak,0.0775786
82,4,leakage,,last_rh=57.7187;leak=0.0771867
82,5,indoor_air,out_rh,57.7187
82,5,indoor_air,,rh=57.6797;inj=0;leak=0.0775786
83,2,humidifier,out_inj,0
83,2,humidifier,,cmd=0;inj=0
83,3,humistat,out_cmd,0
83,3,humistat,,last_rh=57.6797;cmd=0
83,4,leakage,out_leak,0.0771867
83,4,leakage,,last_rh=57.6797;leak=0.0767969
83,5,indoor_air,out_rh,57.6797
83,5,indoor_air,,rh=57.6409;inj=0;leak=0.0771867
84,2,humidifier,out_inj,0
84,2,humidifier,,cmd=0;inj=0
84,3,humistat,out_cmd,0
84,3,humistat,,last_rh=57.6409;cmd=0
84,4,leakage,out_leak,0.0767969
84,4,leakage,,last_rh=57.6409;leak=0.076409
84,5,indoor_air,out_rh,57.6409
84,5,indoor_air,,rh=57.6023;inj=0;leak=0.0767969
85,2,humidifier,out_inj,0
85,2,humidifier,,cmd=0;inj=0
85,3,humistat,out_cmd,0
85,3,humistat,,last_rh=57.6023;cmd=0
85,4,leakage,out_leak,0.076409
85,4,leakage,,last_rh=57.6023;leak=0.076023
85,5,indoor_air,out_rh,57.6023
85,5,indoor_air,,rh=57.5639;inj=0;leak=0.076409
86,2,humidifier,out_inj,0
86,2,humidifier,,cmd=0;inj=0
86,3,humistat,out_cmd,0
86,3,humistat,,last_rh=57.5639;cmd=0
86,4,leakage,out_leak,0.076023
86,4,leakage,,last_rh=57.5639;leak=0.0756391
86,5,indoor_air,out_rh,57.5639
86,5,indoor_air,,rh=57.5257;inj=0;leak=0.076023
87,2,humidifier,out_inj,0
87,2,humidifier,,cmd=0;inj=0
87,3,humistat,out_cmd,0
87,3,humistat,,last_rh=57.5257;cmd=0
87,4,leakage,out_leak,0.0756391
87,4,leakage,,last_rh=57.5257;leak=0.075257
87,5,indoor_air,out_rh,57.5257
87,5,indoor_air,,rh=57.4877;inj=0;leak=0.0756391
88,2,humidifier,out_inj,0
88,2,humidifier,,cmd=0;inj=0
88,3,humistat,out_cmd,0
88,3,humistat,,last_rh=57.4877;cmd=0
88,4,leakage,out_leak,0.075257
88,4,leakage,,last_rh=57.4877;leak=0.0748769
88,5,indoor_air,out_rh,57.4877
88,5,indoor_air,,rh=57.4499;inj=0;leak=0.075257
89,2,humidifier,out_inj,0
89,2,humidifier,,cmd=0;inj=0
89,3,humistat,out_cmd,0
89,3,humistat,,last_rh=57.4499;cmd=0
89,4,leakage,out_leak,0.0748769
89,4,leakage,,last_rh=57.4499;leak=0.0744987
89,5,indoor_air,out_rh,57.4499
89,5,indoor_air,,rh=57.4122;inj=0;leak=0.0748769
90,2,humidifier,out_inj,0
90,2,humidifier,,cmd=0;inj=0
90,3,humistat,out_cmd,0
90,3,humistat,,last_rh=57.4122;cmd=0
90,4,leakage,out_leak,0.0744987
90,4,leakage,,last_rh=57.4122;leak=0.0741224
90,5,indoor_air,out_rh,57.4122
90,5,indoor_air,,rh=57.3748;inj=0;leak=0.0744987
91,2,humidifier,out_inj,0
91,2,humidifier,,cmd=0;inj=0
91,3,humistat,out_cmd,0
91,3,humistat,,last_rh=57.3748;cmd=0
91,4,leakage,out_leak,0.0741224
91,4,leakage,,last_rh=57.3748;leak=0.073748
91,5,indoor_air,out_rh,57.3748
91,5,indoor_air,,rh=57.3376;inj=0;leak=0.0741224
92,2,humidifier,out_inj,0
92,2,humidifier,,cmd=0;inj=0
92,3,humistat,out_cmd,0
92,3,humistat,,last_rh=57.3376;cmd=0
92,4,leakage,out_leak,0.073748
92,4,leakage,,last_rh=57.3376;leak=0.0733755
92,5,indoor_air,out_rh,57.3376
92,5,indoor_air,,rh=57.3005;inj=0;leak=0.073748
93,2,humidifier,out_inj,0
93,2,humidifier,,cmd=0;inj=0
93,3,humistat,out_cmd,0
93,3,humistat,,last_rh=57.3005;cmd=0
93,4,leakage,out_leak,0.0733755
93,4,leakage,,last_rh=57.3005;leak=0.0730049
93,5,indoor_air,out_rh,57.3005
93,5,indoor_air,,rh=57.2636;inj=0;leak=0.0733755
94,2,humidifier,out_inj,0
94,2,humidifier,,cmd=0;inj=0
94,3,humistat,out_cmd,0
94,3,humistat,,last_rh=57.2636;cmd=0
94,4,leakage,out_leak,0.0730049
94,4,leakage,,last_rh=57.2636;leak=0.0726362
94,5,indoor_air,out_rh,57.2636
94,5,indoor_air,,rh=57.2269;inj=0;leak=0.0730049
95,2,humidifier,out_inj,0
95,2,humidifier,,cmd=0;inj=0
95,3,humistat,out_cmd,0
95,3,humistat,,last_rh=57.2269;cmd=0
95,4,leakage,out_leak,0.0726362
95,4,leakage,,last_rh=57.2269;leak=0.0722693
95,5,indoor_air,out_rh,57.2269
95,5,indoor_air,,rh=57.1904;inj=0;leak=0.0726362
96,2,humidifier,out_inj,0
96,2,humidifier,,cmd=0;inj=0
96,3,humistat,out_cmd,0
96,3,humistat,,last_rh=57.1904;cmd=0
96,4,leakage,out_leak,0.0722693
96,4,leakage,,last_rh=57.1904;leak=0.0719043
96,5,indoor_air,out_rh,57.1904
96,5,indoor_air,,rh=57.1541;inj=0;leak=0.0722693
97,2,humidifier,out_inj,0
97,2,humidifier,,cmd=0;inj=0
97,3,humistat,out_cmd,0
97,3,humistat,,last_rh=57.1541;cmd=0
97,4,leakage,out_leak,0.0719043
97,4,leakage,,last_rh=57.1541;leak=0.0715411
97,5,indoor_air,out_rh,57.1541
97,5,indoor_air,,rh=57.118;inj=0;leak=0.0719043
98,2,humidifier,out_inj,0
98,2,humidifier,,cmd=0;inj=0
98,3,humistat,out_cmd,0
98,3,humistat,,last_rh=57.118;cmd=0
98,4,leakage,out_leak,0.0715411
98,4,leakage,,last_rh=57.118;leak=0.0711798
98,5,indoor_air,out_rh,57.118
98,5,indoor_air,,rh=57.082;inj=0;leak=0.0715411
99,2,humidifier,out_inj,0
99,2,humidifier,,cmd=0;inj=0
99,3,humistat,out_cmd,0
99,3,humistat,,last_rh=57.082;cmd=0
99,4,leakage,out_leak,0.0711798
99,4,leakage,,last_rh=57.082;leak=0.0708202
99,5,indoor_air,out_rh,57.082
99,5,indoor_air,,rh=57.0463;inj=0;leak=0.0711798
100,2,humidifier,out_inj,0
100,2,humidifier,,cmd=0;inj=0
100,3,humistat,out_cmd,0
100,3,humistat,,last_rh=57.0463;cmd=0
100,4,leakage,out_leak,0.0708202
100,4,leakage,,last_rh=57.0463;leak=0.0704625
100,5,indoor_air,out_rh,57.0463
100,5,indoor_air,,rh=57.0107;inj=0;leak=0.0708202
101,2,humidifier,out_inj,0
101,2,humidifier,,cmd=0;inj=0
101,3,humistat,out_cmd,0
101,3,humistat,,last_rh=57.0107;cmd=0
101,4,leakage,out_leak,0.0704625
101,4,leakage,,last_rh=57.0107;leak=0.0701066
101,5,indoor_air,out_rh,57.0107
101,5,indoor_air,,rh=56.9753;inj=0;leak=0.0704625
102,2,humidifier,out_inj,0
102,2,humidifier,,cmd=0;inj=0
102,3,humistat,out_cmd,0
102,3,humistat,,last_rh=56.9753;cmd=0
102,4,leakage,out_leak,0.0701066
102,4,leakage,,last_rh=56.9753;leak=0.0697525
102,5,indoor_air,out_rh,56.9753
102,5,indoor_air,,rh=56.94;inj=0;leak=0.0701066
103,2,humidifier,out_inj,0
103,2,humidifier,,cmd=0;inj=0
103,3,humistat,out_cmd,0
103,3,humistat,,last_rh=56.94;cmd=0
103,4,leakage,out_leak,0.0697525
103,4,leakage,,last_rh=56.94;leak=0.0694002
103,5,indoor_air,out_rh,56.94
103,5,indoor_air,,rh=56.905;inj=0;leak=0.0697525
104,2,humidifier,out_inj,0
104,2,humidifier,,cmd=0;inj=0
104,3,humistat,out_cmd,0
104,3,humistat,,last_rh=56.905;cmd=0
104,4,leakage,out_leak,0.0694002
104,4,leakage,,last_rh=56.905;leak=0.0690497
104,5,indoor_air,out_rh,56.905
104,5,indoor_air,,rh=56.8701;inj=0;leak=0.0694002
105,2,humidifier,out_inj,0
105,2,humidifier,,cmd=0;inj=0
105,3,humistat,out_cmd,0
105,3,humistat,,last_rh=56.8701;cmd=0
105,4,leakage,out_leak,0.0690497
105,4,leakage,,last_rh=56.8701;leak=0.0687009
105,5,indoor_air,out_rh,56.8701
105,5,indoor_air,,rh=56.8354;inj=0;leak=0.0690497
106,2,humidifier,out_inj,0
106,2,humidifier,,cmd=0;inj=0
106,3,humistat,out_cmd,0
106,3,humistat,,last_rh=56.8354;cmd=0
106,4,leakage,out_leak,0.0687009
106,4,leakage,,last_rh=56.8354;leak=0.0683539
106,5,indoor_air,out_rh,56.8354
106,5,indoor_air,,rh=56.8009;inj=0;leak=0.0687009
107,2,humidifier,out_inj,0
107,2,humidifier,,cmd=0;inj=0
107,3,humistat,out_cmd,0
107,3,humistat,,last_rh=56.8009;cmd=0
107,4,leakage,out_leak,0.0683539
107,4,leakage,,last_rh=56.8009;leak=0.0680087
107,5,indoor_air,out_rh,56.8009
107,5,indoor_air,,rh=56.7665;inj=0;leak=0.0683539
108,2,humidifier,out_inj,0
108,2,humidifier,,cmd=0;inj=0
108,3,humistat,out_cmd,0
108,3,humistat,,last_rh=56.7665;cmd=0
108,4,leakage,out_leak,0.0680087
108,4,leakage,,last_rh=56.7665;leak=0.0676652
108,5,indoor_air,out_rh,56.7665
108,5,indoor_air,,rh=56.7323;inj=0;leak=0.0680087
109,2,humidifier,out_inj,0
109,2,humidifier,,cmd=0;inj=0
109,3,humistat,out_cmd,0
109,3,humistat,,last_rh=56.7323;cmd=0
109,4,leakage,out_leak,0.0676652
109,4,leakage,,last_rh=56.7323;leak=0.0673234
109,5,indoor_air,out_rh,56.7323
109,5,indoor_air,,rh=56.6983;inj=0;leak=0.0676652
110,2,humidifier,out_inj,0
110,2,humidifier,,cmd=0;inj=0
110,3,humistat,out_cmd,0
110,3,humistat,,last_rh=56.6983;cmd=0
110,4,leakage,out_leak,0.0673234
110,4,leakage,,last_rh=56.6983;leak=0.0669834
110,5,indoor_air,out_rh,56.6983
110,5,indoor_air,,rh=56.6645;inj=0;leak=0.0673234
111,2,humidifier,out_inj,0
111,2,humidifier,,cmd=0;inj=0
111,3,humistat,out_cmd,0
111,3,humistat,,last_rh=56.6645;cmd=0
111,4,leakage,out_leak,0.0669834
111,4,leakage,,last_rh=56.6645;leak=0.066645
111,5,indoor_air,out_rh,56.6645
111,5,indoor_air,,rh=56.6308;inj=0;leak=0.0669834
112,2,humidifier,out_inj,0
112,2,humidifier,,cmd=0;inj=0
112,3,humistat,out_cmd,0
112,3,humistat,,last_rh=56.6308;cmd=0
112,4,leakage,out_leak,0.066645
112,4,leakage,,last_rh=56.6308;leak=0.0663084
112,5,indoor_air,out_rh,56.6308
112,5,indoor_air,,rh=56.5973;inj=0;leak=0.066645
113,2,humidifier,out_inj,0
113,2,humidifier,,cmd=0;inj=0
113,3,humistat,out_cmd,0
113,3,humistat,,last_rh=56.5973;cmd=0
113,4,leakage,out_leak,0.0663084
113,4,leakage,,last_rh=56.5973;leak=0.0659735
113,5,indoor_air,out_rh,56.5973
113,5,indoor_air,,rh=56.564;inj=0;leak=0.0663084
114,2,humidifier,out_inj,0
114,2,humidifier,,cmd=0;inj=0
114,3,humistat,out_cmd,0
114,3,humistat,,last_rh=56.564;cmd=0
114,4,leakage,out_leak,0.0659735
114,4,leakage,,last_rh=56.564;leak=0.0656403
114,5,indoor_air,out_rh,56.564
114,5,indoor_air,,rh=56.5309;inj=0;leak=0.0659735
115,2,humidifier,out_inj,0
115,2,humidifier,,cmd=0;inj=0
115,3,humistat,out_cmd,0
115,3,humistat,,last_rh=56.5309;cmd=0
115,4,leakage,out_leak,0.0656403
115,4,leakage,,last_rh=56.5309;leak=0.0653087
115,5,indoor_air,out_rh,56.5309
115,5,indoor_air,,rh=56.4979;inj=0;leak=0.0656403
116,2,humidifier,out_inj,0
116,2,humidifier,,cmd=0;inj=0
116,3,humistat,out_cmd,0
116,3,humistat,,last_rh=56.4979;cmd=0
116,4,leakage,out_leak,0.0653087
116,4,leakage,,last_rh=56.4979;leak=0.0649789
116,5,indoor_air,out_rh,56.4979
116,5,indoor_air,,rh=56.4651;inj=0;leak=0.0653087
117,2,humidifier,out_inj,0
117,2,humidifier,,cmd=0;inj=0
117,3,humistat,out_cmd,0
117,3,humistat,,last_rh=56.4651;cmd=0
117,4,leakage,out_leak,0.0649789
117,4,leakage,,last_rh=56.4651;leak=0.0646507
117,5,indoor_air,out_rh,56.4651
117,5,indoor_air,,rh=56.4324;inj=0;leak=0.0649789
118,2,humidifier,out_inj,0
118,2,humidifier,,cmd=0;inj=0
118,3,humistat,out_cmd,0
118,3,humistat,,last_rh=56.4324;cmd=0
118,4,leakage,out_leak,0.0646507
118,4,leakage,,last_rh=56.4324;leak=0.0643241
118,5,indoor_air,out_rh,56.4324
118,5,indoor_air,,rh=56.3999;inj=0;leak=0.0646507
119,2,humidifier,out_inj,0
119,2,humidifier,,cmd=0;inj=0
119,3,humistat,out_cmd,0
119,3,humistat,,last_rh=56.3999;cmd=0
119,4,leakage,out_leak,0.0643241
119,4,leakage,,last_rh=56.3999;leak=0.0639992
119,5,indoor_air,out_rh,56.3999
119,5,indoor_air,,rh=56.3676;inj=0;leak=0.0643241
120,2,humidifier,out_inj,0
120,2,humidifier,,cmd=0;inj=0
120,3,humistat,out_cmd,0
120,3,humistat,,last_rh=56.3676;cmd=0
120,4,leakage,out_leak,0.0639992
120,4,leakage,,last_rh=56.3676;leak=0.063676
120,5,indoor_air,out_rh,56.3676
120,5,indoor_air,,rh=56.3354;inj=0;leak=0.0639992
121,2,humidifier,out_inj,0
121,2,humidifier,,cmd=0;inj=0
121,3,humistat,out_cmd,0
121,3,humistat,,last_rh=56.3354;cmd=0
121,4,leakage,out_leak,0.063676
121,4,leakage,,last_rh=56.3354;leak=0.0633544
121,5,indoor_air,out_rh,56.3354
121,5,indoor_air,,rh=56.3034;inj=0;leak=0.063676
122,2,humidifier,out_inj,0
122,2,humidifier,,cmd=0;inj=0
122,3,humistat,out_cmd,0
122,3,humistat,,last_rh=56.3034;cmd=0
122,4,leakage,out_leak,0.0633544
122,4,leakage,,last_rh=56.3034;leak=0.0630344
122,5,indoor_air,out_rh,56.3034
122,5,indoor_air,,rh=56.2716;inj=0;leak=0.0633544
123,2,humidifier,out_inj,0
123,2,humidifier,,cmd=0;inj=0
123,3,humistat,out_cmd,0
123,3,humistat,,last_rh=56.2716;cmd=0
123,4,leakage,out_leak,0.0630344
123,4,leakage,,last_rh=56.2716;leak=0.062716
123,5,indoor_air,out_rh,56.2716
123,5,indoor_air,,rh=56.2399;inj=0;leak=0.0630344
124,2,humidifier,out_inj,0
124,2,humidifier,,cmd=0;inj=0
124,3,humistat,out_cmd,0
124,3,humistat,,last_rh=56.2399;cmd=0
124,4,leakage,out_leak,0.062716
124,4,leakage,,last_rh=56.2399;leak=0.0623992
124,5,indoor_air,out_rh,56.2399
124,5,indoor_air,,rh=56.2084;inj=0;leak=0.062716
125,2,humidifier,out_inj,0
125,2,humidifier,,cmd=0;inj=0
125,3,humistat,out_cmd,0
125,3,humistat,,last_rh=56.2084;cmd=0
125,4,leakage,out_leak,0.0623992
125,4,leakage,,last_rh=56.2084;leak=0.062084
125,5,indoor_air,out_rh,56.2084
125,5,indoor_air,,rh=56.177;inj=0;leak=0.0623992
126,2,humidifier,out_inj,0
126,2,humidifier,,cmd=0;inj=0
126,3,humistat,out_cmd,0
126,3,humistat,,last_rh=56.177;cmd=0
126,4,leakage,out_leak,0.062084
126,4,leakage,,last_rh=56.177;leak=0.0617705
126,5,indoor_air,out_rh,56.177
126,5,indoor_air,,rh=56.1458;inj=0;leak=0.062084
127,2,humidifier,out_inj,0
127,2,humidifier,,cmd=0;inj=0
127,3,humistat,out_cmd,0
127,3,humistat,,last_rh=56.1458;cmd=0
127,4,leakage,out_leak,0.0617705
127,4,leakage,,last_rh=56.1458;leak=0.0614585
127,5,indoor_air,out_rh,56.1458
127,5,indoor_air,,rh=56.1148;inj=0;leak=0.0617705
128,2,humidifier,out_inj,0
128,2,humidifier,,cmd=0;inj=0
128,3,humistat,out_cmd,0
128,3,humistat,,last_rh=56.1148;cmd=0
128,4,leakage,out_leak,0.0614585
128,4,leakage,,last_rh=56.1148;leak=0.061148
128,5,indoor_air,out_rh,56.1148
128,5,indoor_air,,rh=56.0839;inj=0;leak=0.0614585
129,2,humidifier,out_inj,0
129,2,humidifier,,cmd=0;inj=0
129,3,humistat,out_cmd,0
129,3,humistat,,last_rh=56.0839;cmd=0
129,4,leakage,out_leak,0.061148
129,4,leakage,,last_rh=56.0839;leak=0.0608392
129,5,indoor_air,out_rh,56.0839
129,5,indoor_air,,rh=56.0532;inj=0;leak=0.061148
130,2,humidifier,out_inj,0
130,2,humidifier,,cmd=0;inj=0
130,3,humistat,out_cmd,0
130,3,humistat,,last_rh=56.0532;cmd=0
130,4,leakage,out_leak,0.0608392
130,4,leakage,,last_rh=56.0532;leak=0.0605319
130,5,indoor_air,out_rh,56.0532
130,5,indoor_air,,rh=56.0226;inj=0;leak=0.0608392
131,2,humidifier,out_inj,0
131,2,humidifier,,cmd=0;inj=0
131,3,humistat,out_cmd,0
131,3,humistat,,last_rh=56.0226;cmd=0
131,4,leakage,out_leak,0.0605319
131,4,leakage,,last_rh=56.0226;leak=0.0602262
131,5,indoor_air,out_rh,56.0226
131,5,indoor_air,,rh=55.9922;inj=0;leak=0.0605319
132,2,humidifier,out_inj,0
132,2,humidifier,,cmd=0;inj=0
132,3,humistat,out_cmd,0
132,3,humistat,,last_rh=55.9922;cmd=0
132,4,leakage,out_leak,0.0602262
132,4,leakage,,last_rh=55.9922;leak=0.059922
132,5,indoor_air,out_rh,55.9922
132,5,indoor_air,,rh=55.9619;inj=0;leak=0.0602262
133,2,humidifier,out_inj,0
133,2,humidifier,,cmd=0;inj=0
133,3,humistat,out_cmd,0
133,3,humistat,,last_rh=55.9619;cmd=0
133,4,leakage,out_leak,0.059922
133,4,leakage,,last_rh=55.9619;leak=0.0596193
133,5,indoor_air,out_rh,55.9619
133,5,indoor_air,,rh=55.9318;inj=0;leak=0.059922
134,2,humidifier,out_inj,0
134,2,humidifier,,cmd=0;inj=0
134,3,humistat,out_cmd,0
134,3,humistat,,last_rh=55.9318;cmd=0
134,4,leakage,out_leak,0.0596193
134,4,leakage,,last_rh=55.9318;leak=0.0593182
134,5,indoor_air,out_rh,55.9318
134,5,indoor_air,,rh=55.9019;inj=0;leak=0.0596193
135,2,humidifier,out_inj,0
135,2,humidifier,,cmd=0;inj=0
135,3,humistat,out_cmd,0
135,3,humistat,,last_rh=55.9019;cmd=0
135,4,leakage,out_leak,0.0593182
135,4,leakage,,last_rh=55.9019;leak=0.0590186
135,5,indoor_air,out_rh,55.9019
135,5,indoor_air,,rh=55.872;inj=0;leak=0.0593182
136,2,humidifier,out_inj,0
136,2,humidifier,,cmd=0;inj=0
136,3,humistat,out_cmd,0
136,3,humistat,,last_rh=55.872;cmd=0
136,4,leakage,out_leak,0.0590186
136,4,leakage,,last_rh=55.872;leak=0.0587205
136,5,indoor_air,out_rh,55.872
136,5,indoor_air,,rh=55.8424;inj=0;leak=0.0590186
137,2,humidifier,out_inj,0
137,2,humidifier,,cmd=0;inj=0
137,3,humistat,out_cmd,0
137,3,humistat,,last_rh=55.8424;cmd=0
137,4,leakage,out_leak,0.0587205
137,4,leakage,,last_rh=55.8424;leak=0.0584239
137,5,indoor_air,out_rh,55.8424
137,5,indoor_air,,rh=55.8129;inj=0;leak=0.0587205
138,2,humidifier,out_inj,0
138,2,humidifier,,cmd=0;inj=0
138,3,humistat,out_cmd,0
138,3,humistat,,last_rh=55.8129;cmd=0
138,4,leakage,out_leak,0.0584239
138,4,leakage,,last_rh=55.8129;leak=0.0581288
138,5,indoor_air,out_rh,55.8129
138,5,indoor_air,,rh=55.7835;inj=0;leak=0.0584239
139,2,humidifier,out_inj,0
139,2,humidifier,,cmd=0;inj=0
139,3,humistat,out_cmd,0
139,3,humistat,,last_rh=55.7835;cmd=0
139,4,leakage,out_leak,0.0581288
139,4,leakage,,last_rh=55.7835;leak=0.0578352
139,5,indoor_air,out_rh,55.7835
139,5,indoor_air,,rh=55.7543;inj=0;leak=0.0581288
140,2,humidifier,out_inj,0
140,2,humidifier,,cmd=0;inj=0
140,3,humistat,out_cmd,0
140,3,humistat,,last_rh=55.7543;cmd=0
140,4,leakage,out_leak,0.0578352
140,4,leakage,,last_rh=55.7543;leak=0.0575431
140,5,indoor_air,out_rh,55.7543
140,5,indoor_air,,rh=55.7252;inj=0;leak=0.0578352
141,2,humidifier,out_inj,0
141,2,humidifier,,cmd=0;inj=0
141,3,humistat,out_cmd,0
141,3,humistat,,last_rh=55.7252;cmd=0
141,4,leakage,out_leak,0.0575431
141,4,leakage,,last_rh=55.7252;leak=0.0572524
141,5,indoor_air,out_rh,55.7252
141,5,indoor_air,,rh=55.6963;inj=0;leak=0.0575431
142,2,humidifier,out_inj,0
142,2,humidifier,,cmd=0;inj=0
142,3,humistat,out_cmd,0
142,3,humistat,,last_rh=55.6963;cmd=0
142,4,leakage,out_leak,0.0572524
142,4,leakage,,last_rh=55.6963;leak=0.0569632
142,5,indoor_air,out_rh,55.6963
142,5,indoor_air,,rh=55.6676;inj=0;leak=0.0572524
143,2,humidifier,out_inj,0
143,2,humidifier,,cmd=0;inj=0
143,3,humistat,out_cmd,0
143,3,humistat,,last_rh=55.6676;cmd=0
143,4,leakage,out_leak,0.0569632
143,4,leakage,,last_rh=55.6676;leak=0.0566755
143,5,indoor_air,out_rh,55.6676
143,5,indoor_air,,rh=55.6389;inj=0;leak=0.0569632
144,2,humidifier,out_inj,0
144,2,humidifier,,cmd=0;inj=0
144,3,humistat,out_cmd,0
144,3,humistat,,last_rh=55.6389;cmd=0
144,4,leakage,out_leak,0.0566755
144,4,leakage,,last_rh=55.6389;leak=0.0563893
144,5,indoor_air,out_rh,55.6389
144,5,indoor_air,,rh=55.6104;inj=0;leak=0.0566755
145,2,humidifier,out_inj,0
145,2,humidifier,,cmd=0;inj=0
145,3,humistat,out_cmd,0
145,3,humistat,,last_rh=55.6104;cmd=0
145,4,leakage,out_leak,0.0563893
145,4,leakage,,last_rh=55.6104;leak=0.0561044
145,5,indoor_air,out_rh,55.6104
145,5,indoor_air,,rh=55.5821;inj=0;leak=0.0563893
146,2,humidifier,out_inj,0
146,2,humidifier,,cmd=0;inj=0
146,3,humistat,out_cmd,0
146,3,humistat,,last_rh=55.5821;cmd=0
146,4,leakage,out_leak,0.0561044
146,4,leakage,,last_rh=55.5821;leak=0.0558211
146,5,indoor_air,out_rh,55.5821
146,5,indoor_air,,rh=55.5539;inj=0;leak=0.0561044
147,2,humidifier,out_inj,0
147,2,humidifier,,cmd=0;inj=0
147,3,humistat,out_cmd,0
147,3,humistat,,last_rh=55.5539;cmd=0
147,4,leakage,out_leak,0.0558211
147,4,leakage,,last_rh=55.5539;leak=0.0555391
147,5,indoor_air,out_rh,55.5539
147,5,indoor_air,,rh=55.5259;inj=0;leak=0.0558211
148,2,humidifier,out_inj,0
148,2,humidifier,,cmd=0;inj=0
148,3,humistat,out_cmd,0
148,3,humistat,,last_rh=55.5259;cmd=0
148,4,leakage,out_leak,0.0555391
148,4,leakage,,last_rh=55.5259;leak=0.0552586
148,5,indoor_air,out_rh,55.5259
148,5,indoor_air,,rh=55.4979;inj=0;leak=0.0555391
149,2,humidifier,out_inj,0
149,2,humidifier,,cmd=0;inj=0
149,3,humistat,out_cmd,0
149,3,humistat,,last_rh=55.4979;cmd=0
149,4,leakage,out_leak,0.0552586
149,4,leakage,,last_rh=55.4979;leak=0.0549795
149,5,indoor_air,out_rh,55.4979
149,5,indoor_air,,rh=55.4702;inj=0;leak=0.0552586
150,2,humidifier,out_inj,0
150,2,humidifier,,cmd=0;inj=0
150,3,humistat,out_cmd,0
150,3,humistat,,last_rh=55.4702;cmd=0
150,4,leakage,out_leak,0.0549795
150,4,leakage,,last_rh=55.4702;leak=0.0547018
150,5,indoor_air,out_rh,55.4702
150,5,indoor_air,,rh=55.4426;inj=0;leak=0.0549795
151,2,humidifier,out_inj,0
151,2,humidifier,,cmd=0;inj=0
151,3,humistat,out_cmd,0
151,3,humistat,,last_rh=55.4426;cmd=0
151,4,leakage,out_leak,0.0547018
151,4,leakage,,last_rh=55.4426;leak=0.0544255
151,5,indoor_air,out_rh,55.4426
151,5,indoor_air,,rh=55.4151;inj=0;leak=0.0547018
152,2,humidifier,out_inj,0
152,2,humidifier,,cmd=0;inj=0
152,3,humistat,out_cmd,0
152,3,humistat,,last_rh=55.4151;cmd=0
152,4,leakage,out_leak,0.0544255
152,4,leakage,,last_rh=55.4151;leak=0.0541506
152,5,indoor_air,out_rh,55.4151
152,5,indoor_air,,rh=55.3877;inj=0;leak=0.0544255
153,2,humidifier,out_inj,0
153,2,humidifier,,cmd=0;inj=0
153,3,humistat,out_cmd,0
153,3,humistat,,last_rh=55.3877;cmd=0
153,4,leakage,out_leak,0.0541506
153,4,leakage,,last_rh=55.3877;leak=0.0538771
153,5,indoor_air,out_rh,55.3877
153,5,indoor_air,,rh=55.3605;inj=0;leak=0.0541506
154,2,humidifier,out_inj,0
154,2,humidifier,,cmd=0;inj=0
154,3,humistat,out_cmd,0
154,3,humistat,,last_rh=55.3605;cmd=0
154,4,leakage,out_leak,0.0538771
154,4,leakage,,last_rh=55.3605;leak=0.053605
154,5,indoor_air,out_rh,55.3605
154,5,indoor_air,,rh=55.3334;inj=0;leak=0.0538771
155,2,humidifier,out_inj,0
155,2,humidifier,,cmd=0;inj=0
155,3,humistat,out_cmd,0
155,3,humistat,,last_rh=55.3334;cmd=0
155,4,leakage,out_leak,0.053605
155,4,leakage,,last_rh=55.3334;leak=0.0533342
155,5,indoor_air,out_rh,55.3334
155,5,indoor_air,,rh=55.3065;inj=0;leak=0.053605
156,2,humidifier,out_inj,0
156,2,humidifier,,cmd=0;inj=0
156,3,humistat,out_cmd,0
156,3,humistat,,last_rh=55.3065;cmd=0
156,4,leakage,out_leak,0.0533342
156,4,leakage,,last_rh=55.3065;leak=0.0530648
156,5,indoor_air,out_rh,55.3065
156,5,indoor_air,,rh=55.2797;inj=0;leak=0.0533342
157,2,humidifier,out_inj,0
157,2,humidifier,,cmd=0;inj=0
157,3,humistat,out_cmd,0
157,3,humistat,,last_rh=55.2797;cmd=0
157,4,leakage,out_leak,0.0530648
157,4,leakage,,last_rh=55.2797;leak=0.0527968
157,5,indoor_air,out_rh,55.2797
157,5,indoor_air,,rh=55.253;inj=0;leak=0.0530648
158,2,humidifier,out_inj,0
158,2,humidifier,,cmd=0;inj=0
158,3,humistat,out_cmd,0
158,3,humistat,,last_rh=55.253;cmd=0
158,4,leakage,out_leak,0.0527968
158,4,leakage,,last_rh=55.253;leak=0.0525301
158,5,indoor_air,out_rh,55.253
158,5,indoor_air,,rh=55.2265;inj=0;leak=0.0527968
159,2,humidifier,out_inj,0
159,2,humidifier,,cmd=0;inj=0
159,3,humistat,out_cmd,0
159,3,humistat,,last_rh=55.2265;cmd=0
159,4,leakage,out_leak,0.0525301
159,4,leakage,,last_rh=55.2265;leak=0.0522648
159,5,indoor_air,out_rh,55.2265
159,5,indoor_air,,rh=55.2001;inj=0;leak=0.0525301
160,2,humidifier,out_inj,0
160,2,humidifier,,cmd=0;inj=0
160,3,humistat,out_cmd,0
160,3,humistat,,last_rh=55.2001;cmd=0
160,4,leakage,out_leak,0.0522648
160,4,leakage,,last_rh=55.2001;leak=0.0520008
160,5,indoor_air,out_rh,55.2001
160,5,indoor_air,,rh=55.1738;inj=0;leak=0.0522648
161,2,humidifier,out_inj,0
161,2,humidifier,,cmd=0;inj=0
161,3,humistat,out_cmd,0
161,3,humistat,,last_rh=55.1738;cmd=0
161,4,leakage,out_leak,0.0520008
161,4,leakage,,last_rh=55.1738;leak=0.0517382
161,5,indoor_air,out_rh,55.1738
161,5,indoor_air,,rh=55.1477;inj=0;leak=0.0520008
162,2,humidifier,out_inj,0
162,2,humidifier,,cmd=0;inj=0
162,3,humistat,out_cmd,0
162,3,humistat,,last_rh=55.1477;cmd=0
162,4,leakage,out_leak,0.0517382
162,4,leakage,,last_rh=55.1477;leak=0.0514768
162,5,indoor_air,out_rh,55.1477
162,5,indoor_air,,rh=55.1217;inj=0;leak=0.0517382
163,2,humidifier,out_inj,0
163,2,humidifier,,cmd=0;inj=0
163,3,humistat,out_cmd,0
163,3,humistat,,last_rh=55.1217;cmd=0
163,4,leakage,out_leak,0.0514768
163,4,leakage,,last_rh=55.1217;leak=0.0512168
163,5,indoor_air,out_rh,55.1217
163,5,indoor_air,,rh=55.0958;inj=0;leak=0.0514768
164,2,humidifier,out_inj,0
164,2,humidifier,,cmd=0;inj=0
164,3,humistat,out_cmd,0
164,3,humistat,,last_rh=55.0958;cmd=0
164,4,leakage,out_leak,0.0512168
164,4,leakage,,last_rh=55.0958;leak=0.0509582
164,5,indoor_air,out_rh,55.0958
164,5,indoor_air,,rh=55.0701;inj=0;leak=0.0512168
165,2,humidifier,out_inj,0
165,2,humidifier,,cmd=0;inj=0
165,3,humistat,out_cmd,0
165,3,humistat,,last_rh=55.0701;cmd=0
165,4,leakage,out_leak,0.0509582
165,4,leakage,,last_rh=55.0701;leak=0.0507008
165,5,indoor_air,out_rh,55.0701
165,5,indoor_air,,rh=55.0445;inj=0;leak=0.0509582
166,2,humidifier,out_inj,0
166,2,humidifier,,cmd=0;inj=0
166,3,humistat,out_cmd,0
166,3,humistat,,last_rh=55.0445;cmd=0
166,4,leakage,out_leak,0.0507008
166,4,leakage,,last_rh=55.0445;leak=0.0504447
166,5,indoor_air,out_rh,55.0445
166,5,indoor_air,,rh=55.019;inj=0;leak=0.0507008
167,2,humidifier,out_inj,0
167,2,humidifier,,cmd=0;inj=0
167,3,humistat,out_cmd,0
167,3,humistat,,last_rh=55.019;cmd=0
167,4,leakage,out_leak,0.0504447
167,4,leakage,,last_rh=55.019;leak=0.0501899
167,5,indoor_air,out_rh,55.019
167,5,indoor_air,,rh=54.9936;inj=0;leak=0.0504447
168,2,humidifier,out_inj,0
168,2,humidifier,,cmd=0;inj=0
168,3,humistat,out_cmd,0
168,3,humistat,,last_rh=54.9936;cmd=0
168,4,leakage,out_leak,0.0501899
168,4,leakage,,last_rh=54.9936;leak=0.0499364
168,5,indoor_air,out_rh,54.9936
168,5,indoor_air,,rh=54.9684;inj=0;leak=0.0501899
169,2,humidifier,out_inj,0
169,2,humidifier,,cmd=0;inj=0
169,3,humistat,out_cmd,0
169,3,humistat,,last_rh=54.9684;cmd=0
169,4,leakage,out_leak,0.0499364
169,4,leakage,,last_rh=54.9684;leak=0.0496842
169,5,indoor_air,out_rh,54.9684
169,5,indoor_air,,rh=54.9433;inj=0;leak=0.0499364
170,2,humidifier,out_inj,0
170,2,humidifier,,cmd=0;inj=0
170,3,humistat,out_cmd,0
170,3,humistat,,last_rh=54.9433;cmd=0
170,4,leakage,out_leak,0.0496842
170,4,leakage,,last_rh=54.9433;leak=0.0494332
170,5,indoor_air,out_rh,54.9433
170,5,indoor_air,,rh=54.9184;inj=0;leak=0.0496842
171,2,humidifier,out_inj,0
171,2,humidifier,,cmd=0;inj=0
171,3,humistat,out_cmd,0
171,3,humistat,,last_rh=54.9184;cmd=0
171,4,leakage,out_leak,0.0494332
171,4,leakage,,last_rh=54.9184;leak=0.0491835
171,5,indoor_air,out_rh,54.9184
171,5,indoor_air,,rh=54.8935;inj=0;leak=0.0494332
172,2,humidifier,out_inj,0
172,2,humidifier,,cmd=0;inj=0
172,3,humistat,out_cmd,0
172,3,humistat,,last_rh=54.8935;cmd=0
172,4,leakage,out_leak,0.0491835
172,4,leakage,,last_rh=54.8935;leak=0.0489351
172,5,indoor_air,out_rh,54.8935
172,5,indoor_air,,rh=54.8688;inj=0;leak=0.0491835
173,2,humidifier,out_inj,0
173,2,humidifier,,cmd=0;inj=0
173,3,humistat,out_cmd,0
173,3,humistat,,last_rh=54.8688;cmd=0
173,4,leakage,out_leak,0.0489351
173,4,leakage,,last_rh=54.8688;leak=0.0486879
173,5,indoor_air,out_rh,54.8688
173,5,indoor_air,,rh=54.8442;inj=0;leak=0.0489351
174,2,humidifier,out_inj,0
174,2,humidifier,,cmd=0;inj=0
174,3,humistat,out_cmd,0
174,3,humistat,,last_rh=54.8442;cmd=0
174,4,leakage,out_leak,0.0486879
174,4,leakage,,last_rh=54.8442;leak=0.048442
174,5,indoor_air,out_rh,54.8442
174,5,indoor_air,,rh=54.8197;inj=0;leak=0.0486879
175,2,humidifier,out_inj,0
175,2,humidifier,,cmd=0;inj=0
175,3,humistat,out_cmd,0
175,3,humistat,,last_rh=54.8197;cmd=0
175,4,leakage,out_leak,0.048442
175,4,leakage,,last_rh=54.8197;leak=0.0481974
175,5,indoor_air,out_rh,54.8197
175,5,indoor_air,,rh=54.7954;inj=0;leak=0.048442
176,2,humidifier,out_inj,0
176,2,humidifier,,cmd=0;inj=0
176,3,humistat,out_cmd,0
176,3,humistat,,last_rh=54.7954;cmd=0
176,4,leakage,out_leak,0.0481974
176,4,leakage,,last_rh=54.7954;leak=0.0479539
176,5,indoor_air,out_rh,54.7954
176,5,indoor_air,,rh=54.7712;inj=0;leak=0.0481974
177,2,humidifier,out_inj,0
177,2,humidifier,,cmd=0;inj=0
177,3,humistat,out_cmd,0
177,3,humistat,,last_rh=54.7712;cmd=0
177,4,leakage,out_leak,0.0479539
177,4,leakage,,last_rh=54.7712;leak=0.0477117
177,5,indoor_air,out_rh,54.7712
177,5,indoor_air,,rh=54.7471;inj=0;leak=0.0479539
178,2,humidifier,out_inj,0
178,2,humidifier,,cmd=0;inj=0
178,3,humistat,out_cmd,0
178,3,humistat,,last_rh=54.7471;cmd=0
178,4,leakage,out_leak,0.0477117
178,4,leakage,,last_rh=54.7471;leak=0.0474707
178,5,indoor_air,out_rh,54.7471
178,5,indoor_air,,rh=54.7231;inj=0;leak=0.0477117
179,2,humidifier,out_inj,0
179,2,humidifier,,cmd=0;inj=0
179,3,humistat,out_cmd,0
179,3,humistat,,last_rh=54.7231;cmd=0
179,4,leakage,out_leak,0.0474707
179,4,leakage,,last_rh=54.7231;leak=0.047231
179,5,indoor_air,out_rh,54.7231
179,5,indoor_air,,rh=54.6992;inj=0;leak=0.0474707
180,2,humidifier,out_inj,0
180,2,humidifier,,cmd=0;inj=0
180,3,humistat,out_cmd,0
180,3,humistat,,last_rh=54.6992;cmd=0
180,4,leakage,out_leak,0.047231
180,4,leakage,,last_rh=54.6992;leak=0.0469924
180,5,indoor_air,out_rh,54.6992
180,5,indoor_air,,rh=54.6755;inj=0;leak=0.047231
181,2,humidifier,out_inj,0
181,2,humidifier,,cmd=0;inj=0
181,3,humistat,out_cmd,0
181,3,humistat,,last_rh=54.6755;cmd=0
181,4,leakage,out_leak,0.0469924
181,4,leakage,,last_rh=54.6755;leak=0.046755
181,5,indoor_air,out_rh,54.6755
181,5,indoor_air,,rh=54.6519;inj=0;leak=0.0469924
182,2,humidifier,out_inj,0
182,2,humidifier,,cmd=0;inj=0
182,3,humistat,out_cmd,0
182,3,humistat,,last_rh=54.6519;cmd=0
182,4,leakage,out_leak,0.046755
182,4,leakage,,last_rh=54.6519;leak=0.0465189
182,5,indoor_air,out_rh,54.6519
182,5,indoor_air,,rh=54.6284;inj=0;leak=0.046755
183,2,humidifier,out_inj,0
183,2,humidifier,,cmd=0;inj=0
183,3,humistat,out_cmd,0
183,3,humistat,,last_rh=54.6284;cmd=0
183,4,leakage,out_leak,0.0465189
183,4,leakage,,last_rh=54.6284;leak=0.0462839
183,5,indoor_air,out_rh,54.6284
183,5,indoor_air,,rh=54.605;inj=0;leak=0.0465189
184,2,humidifier,out_inj,0
184,2,humidifier,,cmd=0;inj=0
184,3,humistat,out_cmd,0
184,3,humistat,,last_rh=54.605;cmd=0
184,4,leakage,out_leak,0.0462839
184,4,leakage,,last_rh=54.605;leak=0.0460501
184,5,indoor_air,out_rh,54.605
184,5,indoor_air,,rh=54.5818;inj=0;leak=0.0462839
185,2,humidifier,out_inj,0
185,2,humidifier,,cmd=0;inj=0
185,3,humistat,out_cmd,0
185,3,humistat,,last_rh=54.5818;cmd=0
185,4,leakage,out_leak,0.0460501
185,4,leakage,,last_rh=54.5818;leak=0.0458176
185,5,indoor_air,out_rh,54.5818
185,5,indoor_air,,rh=54.5586;inj=0;leak=0.0460501
186,2,humidifier,out_inj,0
186,2,humidifier,,cmd=0;inj=0
186,3,humistat,out_cmd,0
186,3,humistat,,last_rh=54.5586;cmd=0
186,4,leakage,out_leak,0.0458176
186,4,leakage,,last_rh=54.5586;leak=0.0455861
186,5,indoor_air,out_rh,54.5586
186,5,indoor_air,,rh=54.5356;inj=0;leak=0.0458176
187,2,humidifier,out_inj,0
187,2,humidifier,,cmd=0;inj=0
187,3,humistat,out_cmd,0
187,3,humistat,,last_rh=54.5356;cmd=0
187,4,leakage,out_leak,0.0455861
187,4,leakage,,last_rh=54.5356;leak=0.0453559
187,5,indoor_air,out_rh,54.5356
187,5,indoor_air,,rh=54.5127;inj=0;leak=0.0455861
188,2,humidifier,out_inj,0
188,2,humidifier,,cmd=0;inj=0
188,3,humistat,out_cmd,0
188,3,humistat,,last_rh=54.5127;cmd=0
188,4,leakage,out_leak,0.0453559
188,4,leakage,,last_rh=54.5127;leak=0.0451268
188,5,indoor_air,out_rh,54.5127
188,5,indoor_air,,rh=54.4899;inj=0;leak=0.0453559
189,2,humidifier,out_inj,0
189,2,humidifier,,cmd=0;inj=0
189,3,humistat,out_cmd,0
189,3,humistat,,last_rh=54.4899;cmd=0
189,4,leakage,out_leak,0.0451268
189,4,leakage,,last_rh=54.4899;leak=0.0448989
189,5,indoor_air,out_rh,54.4899
189,5,indoor_air,,rh=54.4672;inj=0;leak=0.0451268
190,2,humidifier,out_inj,0
190,2,humidifier,,cmd=0;inj=0
190,3,humistat,out_cmd,0
190,3,humistat,,last_rh=54.4672;cmd=0
190,4,leakage,out_leak,0.0448989
190,4,leakage,,last_rh=54.4672;leak=0.0446721
190,5,indoor_air,out_rh,54.4672
190,5,indoor_air,,rh=54.4446;inj=0;leak=0.0448989
191,2,humidifier,out_inj,0
191,2,humidifier,,cmd=0;inj=0
191,3,humistat,out_cmd,0
191,3,humistat,,last_rh=54.4446;cmd=0
191,4,leakage,out_leak,0.0446721
191,4,leakage,,last_rh=54.4446;leak=0.0444464
191,5,indoor_air,out_rh,54.4446
191,5,indoor_air,,rh=54.4222;inj=0;leak=0.0446721
192,2,humidifier,out_inj,0
192,2,humidifier,,cmd=0;inj=0
192,3,humistat,out_cmd,0
192,3,humistat,,last_rh=54.4222;cmd=0
192,4,leakage,out_leak,0.0444464
192,4,leakage,,last_rh=54.4222;leak=0.044222
192,5,indoor_air,out_rh,54.4222
192,5,indoor_air,,rh=54.3999;inj=0;leak=0.0444464
193,2,humidifier,out_inj,0
193,2,humidifier,,cmd=0;inj=0
193,3,humistat,out_cmd,0
193,3,humistat,,last_rh=54.3999;cmd=0
193,4,leakage,out_leak,0.044222
193,4,leakage,,last_rh=54.3999;leak=0.0439986
193,5,indoor_air,out_rh,54.3999
193,5,indoor_air,,rh=54.3776;inj=0;leak=0.044222
194,2,humidifier,out_inj,0
194,2,humidifier,,cmd=0;inj=0
194,3,humistat,out_cmd,0
194,3,humistat,,last_rh=54.3776;cmd=0
194,4,leakage,out_leak,0.0439986
194,4,leakage,,last_rh=54.3776;leak=0.0437764
194,5,indoor_air,out_rh,54.3776
194,5,indoor_air,,rh=54.3555;inj=0;leak=0.0439986
195,2,humidifier,out_inj,0
195,2,humidifier,,cmd=0;inj=0
195,3,humistat,out_cmd,0
195,3,humistat,,last_rh=54.3555;cmd=0
195,4,leakage,out_leak,0.0437764
195,4,leakage,,last_rh=54.3555;leak=0.0435553
195,5,indoor_air,out_rh,54.3555
195,5,indoor_air,,rh=54.3335;inj=0;leak=0.0437764
196,2,humidifier,out_inj,0
196,2,humidifier,,cmd=0;inj=0
196,3,humistat,out_cmd,0
196,3,humistat,,last_rh=54.3335;cmd=0
196,4,leakage,out_leak,0.0435553
196,4,leakage,,last_rh=54.3335;leak=0.0433353
196,5,indoor_air,out_rh,54.3335
196,5,indoor_air,,rh=54.3116;inj=0;leak=0.0435553
197,2,humidifier,out_inj,0
197,2,humidifier,,cmd=0;inj=0
197,3,humistat,out_cmd,0
197,3,humistat,,last_rh=54.3116;cmd=0
197,4,leakage,out_leak,0.0433353
197,4,leakage,,last_rh=54.3116;leak=0.0431164
197,5,indoor_air,out_rh,54.3116
197,5,indoor_air,,rh=54.2899;inj=0;leak=0.0433353
198,2,humidifier,out_inj,0
198,2,humidifier,,cmd=0;inj=0
198,3,humistat,out_cmd,0
198,3,humistat,,last_rh=54.2899;cmd=0
198,4,leakage,out_leak,0.0431164
198,4,leakage,,last_rh=54.2899;leak=0.0428986
198,5,indoor_air,out_rh,54.2899
198,5,indoor_air,,rh=54.2682;inj=0;leak=0.0431164
199,2,humidifier,out_inj,0
199,2,humidifier,,cmd=0;inj=0
199,3,humistat,out_cmd,0
199,3,humistat,,last_rh=54.2682;cmd=0
199,4,leakage,out_leak,0.0428986
199,4,leakage,,last_rh=54.2682;leak=0.0426819
199,5,indoor_air,out_rh,54.2682
199,5,indoor_air,,rh=54.2466;inj=0;leak=0.0428986
199,2,humidifier,,cmd=0;inj=0
199,3,humistat,,last_rh=54.2682;cmd=0
199,4,leakage,,last_rh=54.2682;leak=0.0426819
199,5,indoor_air,,rh=54.2466;inj=0;leak=0.0428986
